firstName,lastName,ssn
Antonietta,Kinloch,350007500
Michele,Di Nisco,350007501
Benedetto,Dyke,350007502
Jemie,Martinyuk,350007503
Alexine,Jirousek,350007504
Carolyne,Skevington,350007505
Aeriela,Dolby,350007506
Grissel,Raddan,350007507
Virge,Deekes,350007508
Katee,Paddefield,350007509
Cari,Kybird,350007510
Gaby,Castagna,350007511
Cathi,Gurdon,350007512
Xever,Kochl,350007513
Dionysus,McTeer,350007514
Tobe,McIllroy,350007515
Aron,Poundesford,350007516
Almire,Crowhurst,350007517
Michail,Dallicoat,350007518
Ewart,Aldrick,350007519
Willie,Forde,350007520
Aube,Reucastle,350007521
Joshia,Boncore,350007522
Vanya,Dooler,350007523
Merrily,Emmert,350007524
Erskine,Pond-Jones,350007525
Frankie,Featonby,350007526
Iormina,Lillyman,350007527
Vernor,Mosey,350007528
Netti,Carruth,350007529
Beatrice,Loughton,350007530
Leora,Loudiane,350007531
Sindee,Kuhne,350007532
Tracy,Dudman,350007533
Danie,Burrell,350007534
Jan,Kilminster,350007535
Jesselyn,Sarjeant,350007536
Esther,Wiburn,350007537
Emylee,Stannus,350007538
Clemente,Greenrodd,350007539
Gail,Commins,350007540
Kingston,Branchflower,350007541
Ossie,Crathorne,350007542
Salomon,Romer,350007543
Alfreda,Lowther,350007544
Tine,Nethercott,350007545
Rivalee,Kyle,350007546
Jori,Zanazzi,350007547
Rhianna,Pragnell,350007548
Alyson,Melburg,350007549
Marybelle,Bohman,350007550
Shaine,Pietrzyk,350007551
Marie-ann,Rodda,350007552
Leicester,Damrel,350007553
Hulda,MacGahy,350007554
Joelle,Tattersfield,350007555
Winnie,Buddell,350007556
Annadiane,Storkes,350007557
Ruddy,McNea,350007558
Tanhya,Hoyles,350007559
Haily,Luetkemeyers,350007560
Baillie,Moniker,350007561
Jenifer,Whebell,350007562
Tandy,Stubbington,350007563
Aileen,Daggett,350007564
Star,Billyard,350007565
Pyotr,Gringley,350007566
Jeff,Firbanks,350007567
Sydney,Kirkam,350007568
Frederique,Cochet,350007569
Clementine,Corpe,350007570
Carmine,Kirkby,350007571
Lonny,Dradey,350007572
Ewan,Cutmore,350007573
Sibylle,Dalling,350007574
Allie,McGee,350007575
Udale,Abethell,350007576
Vere,Echalier,350007577
Jard,Kinnoch,350007578
Marvin,Duthy,350007579
Timmy,Chestney,350007580
Lucie,Aubrun,350007581
Grannie,Branthwaite,350007582
Xever,Coniff,350007583
Edward,Magnus,350007584
Gerhardt,Sallings,350007585
Margie,Corpes,350007586
Kally,Tait,350007587
Cordi,Glavias,350007588
Roseline,Sutch,350007589
Irv,Zapatero,350007590
Noak,Briers,350007591
Felix,Rosier,350007592
Cinderella,Mulroy,350007593
Klarika,Toupe,350007594
Liuka,Jeanet,350007595
Bryce,Giorio,350007596
Towny,Taunton,350007597
Ariela,Tweddle,350007598
Abbye,McKie,350007599